{
    "metrics": {
        "data_received": {
            "count": 4535307758,
            "rate": 5035760.081346207
        },
        "data_sent": {
            "count": 120738676,
            "rate": 134061.68606813945
        },
        "http_req_blocked": {
            "avg": 0.0018484731831913351,
            "max": 56.140085,
            "med": 0.001046,
            "min": 0.00051,
            "p(90)": 0.002047,
            "p(95)": 0.002433
        },
        "http_req_connecting": {
            "avg": 0.00034212371071552913,
            "max": 56.086664,
            "med": 0,
            "min": 0,
            "p(90)": 0,
            "p(95)": 0
        },
        "http_req_duration": {
            "avg": 205.3640158423547,
            "max": 2107.180348,
            "med": 80.314148,
            "min": 0.795194,
            "p(90)": 557.5516886000001,
            "p(95)": 677.1238191999997,
            "thresholds": {
                "p(95) < 800": false
            }
        },
        "http_req_receiving": {
            "avg": 0.033351100633769504,
            "max": 79.615052,
            "med": 0.024624,
            "min": 0.010307,
            "p(90)": 0.052713,
            "p(95)": 0.057983
        },
        "http_req_sending": {
            "avg": 0.008946689914439736,
            "max": 94.627911,
            "med": 0.006264,
            "min": 0.003655,
            "p(90)": 0.011568,
            "p(95)": 0.012928
        },
        "http_req_tls_handshaking": {
            "avg": 0,
            "max": 0,
            "med": 0,
            "min": 0,
            "p(90)": 0,
            "p(95)": 0
        },
        "http_req_waiting": {
            "avg": 205.32171805181014,
            "max": 2107.140338,
            "med": 80.278219,
            "min": 0.751823,
            "p(90)": 557.5096294000003,
            "p(95)": 677.0676632
        },
        "http_reqs": {
            "count": 973699,
            "rate": 1081.1426295817698
        },
        "iteration_duration": {
            "avg": 205.41973772811792,
            "max": 2107.236966,
            "med": 80.359208,
            "min": 0.851765,
            "p(90)": 557.5983054000001,
            "p(95)": 677.1712317999999
        },
        "iterations": {
            "count": 973699,
            "rate": 1081.1426295817698
        },
        "vus": {
            "max": 999,
            "min": 1,
            "value": 999
        },
        "vus_max": {
            "max": 1000,
            "min": 1000,
            "value": 1000
        }
    },
    "root_group": {
        "name": "",
        "path": "",
        "id": "d41d8cd98f00b204e9800998ecf8427e",
        "groups": {},
        "checks": {}
    }
}
