{
    "metrics": {
        "data_received": {
            "count": 3870377239,
            "rate": 4297833.966708489
        },
        "data_sent": {
            "count": 115656412,
            "rate": 128429.87266266096
        },
        "http_req_blocked": {
            "avg": 0.001713023092848711,
            "max": 16.173756,
            "med": 0.001019,
            "min": 0.000521,
            "p(90)": 0.002009,
            "p(95)": 0.002404
        },
        "http_req_connecting": {
            "avg": 0.0002567475204055266,
            "max": 16.135552,
            "med": 0,
            "min": 0,
            "p(90)": 0,
            "p(95)": 0
        },
        "http_req_duration": {
            "avg": 214.3344244032051,
            "max": 1863.321313,
            "med": 93.845954,
            "min": 0.833299,
            "p(90)": 598.7225189999999,
            "p(95)": 678.8875285999999,
            "thresholds": {
                "p(95) < 800": false
            }
        },
        "http_req_receiving": {
            "avg": 0.03258272411449248,
            "max": 87.286063,
            "med": 0.024741,
            "min": 0.010604,
            "p(90)": 0.052658,
            "p(95)": 0.058265
        },
        "http_req_sending": {
            "avg": 0.0084909959880481,
            "max": 46.578601,
            "med": 0.006031,
            "min": 0.003694,
            "p(90)": 0.011542,
            "p(95)": 0.012884
        },
        "http_req_tls_handshaking": {
            "avg": 0,
            "max": 0,
            "med": 0,
            "min": 0,
            "p(90)": 0,
            "p(95)": 0
        },
        "http_req_waiting": {
            "avg": 214.29335068310579,
            "max": 1863.2464,
            "med": 93.813516,
            "min": 0.788419,
            "p(90)": 598.6828212,
            "p(95)": 678.848359
        },
        "http_reqs": {
            "count": 932713,
            "rate": 1035.7247795375883
        },
        "iteration_duration": {
            "avg": 214.38796345601497,
            "max": 1863.571152,
            "med": 93.894678,
            "min": 0.891214,
            "p(90)": 598.7697226,
            "p(95)": 678.9316221999998
        },
        "iterations": {
            "count": 932713,
            "rate": 1035.7247795375883
        },
        "vus": {
            "max": 999,
            "min": 1,
            "value": 999
        },
        "vus_max": {
            "max": 1000,
            "min": 1000,
            "value": 1000
        }
    },
    "root_group": {
        "name": "",
        "path": "",
        "id": "d41d8cd98f00b204e9800998ecf8427e",
        "groups": {},
        "checks": {}
    }
}
