{
    "metrics": {
        "data_received": {
            "count": 4837657447,
            "rate": 5372564.701497922
        },
        "data_sent": {
            "count": 202570492,
            "rate": 224969.0241212044
        },
        "http_req_blocked": {
            "avg": 0.0014029254808151264,
            "max": 23.813099,
            "med": 0.000933,
            "min": 0.000513,
            "p(90)": 0.001806,
            "p(95)": 0.002143
        },
        "http_req_connecting": {
            "avg": 0.0001166405612521295,
            "max": 23.486685,
            "med": 0,
            "min": 0,
            "p(90)": 0,
            "p(95)": 0
        },
        "http_req_duration": {
            "avg": 122.35200690275073,
            "max": 1418.63198,
            "med": 37.156722,
            "min": 0.544329,
            "p(90)": 370.815014,
            "p(95)": 426.6804659999999,
            "thresholds": {
                "p(95) < 800": false
            }
        },
        "http_req_receiving": {
            "avg": 0.027179646899274563,
            "max": 42.230201,
            "med": 0.022234,
            "min": 0.010338,
            "p(90)": 0.042358,
            "p(95)": 0.049116
        },
        "http_req_sending": {
            "avg": 0.007075642976727605,
            "max": 29.442899,
            "med": 0.005564,
            "min": 0.003556,
            "p(90)": 0.009882,
            "p(95)": 0.011151
        },
        "http_req_tls_handshaking": {
            "avg": 0,
            "max": 0,
            "med": 0,
            "min": 0,
            "p(90)": 0,
            "p(95)": 0
        },
        "http_req_waiting": {
            "avg": 122.31775161287416,
            "max": 1418.384811,
            "med": 37.127603,
            "min": 0.500252,
            "p(90)": 370.78582140000003,
            "p(95)": 426.6382015999999
        },
        "http_reqs": {
            "count": 1633633,
            "rate": 1814.2663235580999
        },
        "iteration_duration": {
            "avg": 122.39637782151192,
            "max": 1418.833826,
            "med": 37.193892,
            "min": 0.594065,
            "p(90)": 370.851114,
            "p(95)": 426.71745139999996
        },
        "iterations": {
            "count": 1633633,
            "rate": 1814.2663235580999
        },
        "vus": {
            "max": 999,
            "min": 1,
            "value": 999
        },
        "vus_max": {
            "max": 1000,
            "min": 1000,
            "value": 1000
        }
    },
    "root_group": {
        "name": "",
        "path": "",
        "id": "d41d8cd98f00b204e9800998ecf8427e",
        "groups": {},
        "checks": {}
    }
}
