{
    "metrics": {
        "data_received": {
            "count": 4099911168,
            "rate": 5689176.95414287
        },
        "data_sent": {
            "count": 122514728,
            "rate": 170005.6265903667
        },
        "http_req_blocked": {
            "avg": 0.0016019588713613929,
            "max": 18.521696,
            "med": 0.000956,
            "min": 0.000535,
            "p(90)": 0.001967,
            "p(95)": 0.002273
        },
        "http_req_connecting": {
            "avg": 0.0002448317142735686,
            "max": 18.484047,
            "med": 0,
            "min": 0,
            "p(90)": 0,
            "p(95)": 0
        },
        "http_req_duration": {
            "avg": 202.21194126521576,
            "max": 1574.470704,
            "med": 84.48754550000001,
            "min": 0.892345,
            "p(90)": 607.7380449,
            "p(95)": 690.0177695,
            "thresholds": {
                "p(95) < 800": false
            }
        },
        "http_req_receiving": {
            "avg": 0.029340085062882125,
            "max": 54.745683,
            "med": 0.023472,
            "min": 0.010754,
            "p(90)": 0.048227900000000025,
            "p(95)": 0.054702
        },
        "http_req_sending": {
            "avg": 0.007422385208021815,
            "max": 50.928473,
            "med": 0.005774,
            "min": 0.003674,
            "p(90)": 0.010673,
            "p(95)": 0.011905
        },
        "http_req_tls_handshaking": {
            "avg": 0,
            "max": 0,
            "med": 0,
            "min": 0,
            "p(90)": 0,
            "p(95)": 0
        },
        "http_req_waiting": {
            "avg": 202.1751787949512,
            "max": 1574.402624,
            "med": 84.4494335,
            "min": 0.843062,
            "p(90)": 607.7091219,
            "p(95)": 689.9873494999999
        },
        "http_reqs": {
            "count": 988022,
            "rate": 1371.0131176642476
        },
        "iteration_duration": {
            "avg": 202.25886871370602,
            "max": 1574.710418,
            "med": 84.529032,
            "min": 0.968254,
            "p(90)": 607.7747307000001,
            "p(95)": 690.0626418999999
        },
        "iterations": {
            "count": 988022,
            "rate": 1371.0131176642476
        },
        "vus": {
            "max": 999,
            "min": 1,
            "value": 999
        },
        "vus_max": {
            "max": 1000,
            "min": 1000,
            "value": 1000
        }
    },
    "root_group": {
        "name": "",
        "path": "",
        "id": "d41d8cd98f00b204e9800998ecf8427e",
        "groups": {},
        "checks": {}
    }
}
