{
    "metrics": {
        "data_received": {
            "count": 3375697784,
            "rate": 3695420.6049097404
        },
        "data_sent": {
            "count": 101450848,
            "rate": 111059.57288644716
        },
        "http_req_blocked": {
            "avg": 0.41036359045341647,
            "max": 2967.946756,
            "med": 0,
            "min": 0,
            "p(90)": 0.001714,
            "p(95)": 0.002074
        },
        "http_req_connecting": {
            "avg": 0.3807101590796018,
            "max": 2967.924082,
            "med": 0,
            "min": 0,
            "p(90)": 0,
            "p(95)": 0
        },
        "http_req_duration": {
            "avg": 213.81526909072542,
            "max": 40733.836618,
            "med": 0,
            "min": 0,
            "p(90)": 431.66645059999985,
            "p(95)": 682.6821199999997,
            "thresholds": {
                "p(95) < 800": false
            }
        },
        "http_req_receiving": {
            "avg": 0.031104368480391168,
            "max": 842.47666,
            "med": 0,
            "min": 0,
            "p(90)": 0.040622,
            "p(95)": 0.051735
        },
        "http_req_sending": {
            "avg": 3.4721828074117127,
            "max": 25868.300016,
            "med": 0,
            "min": 0,
            "p(90)": 0.009301,
            "p(95)": 0.01081
        },
        "http_req_tls_handshaking": {
            "avg": 0,
            "max": 0,
            "med": 0,
            "min": 0,
            "p(90)": 0,
            "p(95)": 0
        },
        "http_req_waiting": {
            "avg": 210.3119819148335,
            "max": 35330.1149,
            "med": 0,
            "min": 0,
            "p(90)": 431.62616349999996,
            "p(95)": 682.6294953999998
        },
        "http_reqs": {
            "count": 1736684,
            "rate": 1901.1707351990453
        },
        "iteration_duration": {
            "avg": 261.69790677293906,
            "max": 40733.875495,
            "med": 39.2346815,
            "min": 0.044261,
            "p(90)": 566.1490709999999,
            "p(95)": 715.3905432999996
        },
        "iterations": {
            "count": 1736684,
            "rate": 1901.1707351990453
        },
        "vus": {
            "max": 1994,
            "min": 1,
            "value": 257
        },
        "vus_max": {
            "max": 2000,
            "min": 2000,
            "value": 2000
        }
    },
    "root_group": {
        "name": "",
        "path": "",
        "id": "d41d8cd98f00b204e9800998ecf8427e",
        "groups": {},
        "checks": {}
    }
}
