{
    "metrics": {
        "data_received": {
            "count": 3025017957,
            "rate": 3358228.0652503646
        },
        "data_sent": {
            "count": 86665708,
            "rate": 96212.06122988745
        },
        "http_req_blocked": {
            "avg": 0.004842426195099134,
            "max": 899.59161,
            "med": 0.000954,
            "min": 0.000465,
            "p(90)": 0.00235,
            "p(95)": 0.003121
        },
        "http_req_connecting": {
            "avg": 0.0020123235834870264,
            "max": 898.58597,
            "med": 0,
            "min": 0,
            "p(90)": 0,
            "p(95)": 0
        },
        "http_req_duration": {
            "avg": 285.88819656057854,
            "max": 5530.859321,
            "med": 165.532709,
            "min": 0.915849,
            "p(90)": 686.6841954,
            "p(95)": 798.7960289999996,
            "thresholds": {
                "p(95) < 800": false
            }
        },
        "http_req_receiving": {
            "avg": 14.853912942746778,
            "max": 921.88102,
            "med": 1.348065,
            "min": 0.010159,
            "p(90)": 42.9906508,
            "p(95)": 43.8307716
        },
        "http_req_sending": {
            "avg": 0.02152499679218031,
            "max": 897.128545,
            "med": 0.005771,
            "min": 0.003432,
            "p(90)": 0.013561,
            "p(95)": 0.017524
        },
        "http_req_tls_handshaking": {
            "avg": 0,
            "max": 0,
            "med": 0,
            "min": 0,
            "p(90)": 0,
            "p(95)": 0
        },
        "http_req_waiting": {
            "avg": 271.01275862104,
            "max": 5507.305541,
            "med": 149.815135,
            "min": 0.830636,
            "p(90)": 672.0477902,
            "p(95)": 782.9332228
        },
        "http_reqs": {
            "count": 698917,
            "rate": 775.9037195958665
        },
        "iteration_duration": {
            "avg": 286.1448356175742,
            "max": 5530.908663,
            "med": 165.587855,
            "min": 0.982648,
            "p(90)": 686.8164234000001,
            "p(95)": 799.6850695999999
        },
        "iterations": {
            "count": 698917,
            "rate": 775.9037195958665
        },
        "vus": {
            "max": 999,
            "min": 1,
            "value": 999
        },
        "vus_max": {
            "max": 1000,
            "min": 1000,
            "value": 1000
        }
    },
    "root_group": {
        "name": "",
        "path": "",
        "id": "d41d8cd98f00b204e9800998ecf8427e",
        "groups": {},
        "checks": {}
    }
}
